{
    "CompileStatus": "Successful",
    "cycles_program_begin": 394832993439361,
    "stat": {
        "ru_childs_end": {
            "ru_majflt": 0,
            "ru_minflt": 23334,
            "ru_utime_sec": 0.22723099999999999,
            "ru_stime_sec": 0.104395,
            "ru_maxrss_kb": 115372,
            "ru_nvcsw": 60,
            "ru_nivcsw": 31
        },
        "mop/quad": 3.1058614041664434,
        "ru_self_cgstart": {
            "ru_majflt": 0,
            "ru_minflt": 94644,
            "ru_utime_sec": 4.6960049999999995,
            "ru_stime_sec": 0.41936699999999999,
            "ru_maxrss_kb": 175700,
            "ru_nvcsw": 1590,
            "ru_nivcsw": 11
        },
        "totalObjSize": 16812962,
        "ru_childs_cgstart": {
            "ru_majflt": 0,
            "ru_minflt": 23334,
            "ru_utime_sec": 0.22723099999999999,
            "ru_stime_sec": 0.104395,
            "ru_maxrss_kb": 115372,
            "ru_nvcsw": 60,
            "ru_nivcsw": 31
        },
        "cpu_cycles_cgstart": 394849675564448,
        "nQuads": 149384,
        "Frontend(%)": 57.973616027223088,
        "nMops": 463966,
        "ru_self_end": {
            "ru_majflt": 0,
            "ru_minflt": 111629,
            "ru_utime_sec": 8.2649699999999999,
            "ru_stime_sec": 0.53259599999999996,
            "ru_maxrss_kb": 178336,
            "ru_nvcsw": 1592,
            "ru_nivcsw": 16
        },
        "cpu_cycles_end": 394862263199115,
        "CodeGen(%)": 42.026383972776912,
        "realTime": 9.2745420932769775,
        "cpu_cycles_total": 29269759754,
        "mopSpeed": 130000.15410630251,
        "quadSpeed": 41856.392539573797,
        "outputSizePerQuad": 112.54861297059927,
        "peak_mem_kb": 443592
    },
    "Misc": {
        "vcs_version": "O-2018.09-1_Full64",
        "vcs_build_date": "Build Date = Oct 12 2018 20:38:10",
        "hostname": "IC_EDA",
        "cwd": "/home/ICer/ic_prjs/uvm/ch6/section6.6/6.6.3/component",
        "daidir_abs": "/home/ICer/ic_prjs/uvm/ch6/section6.6/6.6.3/component/simv.daidir",
        "master_pid": 119297,
        "VCS_HOME": "/home/synopsys/vcs-mx/O-2018.09-1",
        "csrc_abs": "/home/ICer/ic_prjs/uvm/ch6/section6.6/6.6.3/component/csrc",
        "archive_dir": "archive.0",
        "csrc": "csrc",
        "daidir": "/home/ICer/ic_prjs/uvm/ch6/section6.6/6.6.3/component/simv.daidir",
        "default_output_dir": "csrc"
    },
    "CompileStrategy": "fullobj",
    "perf": [
        {
            "stat": [
                "main",
                "entry",
                0.018690109252929688,
                0.034408000000000001,
                0.027747999999999998,
                214268,
                214268,
                0.0,
                0.0,
                1724146313.173017,
                394832993834093
            ],
            "sub": [
                {
                    "stat": [
                        "doParsingAndDesignResolution",
                        "entry",
                        0.14331912994384766,
                        0.039974000000000003,
                        0.037753000000000002,
                        270196,
                        270996,
                        0.0,
                        0.0,
                        1724146313.297646,
                        394833467072516
                    ],
                    "sub": []
                },
                {
                    "stat": [
                        "doParsingAndDesignResolution",
                        "exit",
                        1.8410811424255371,
                        2.0166949999999999,
                        0.32294600000000001,
                        415428,
                        443592,
                        0.0,
                        0.0,
                        1724146314.9954081,
                        394839914030664
                    ],
                    "sub": []
                },
                {
                    "stat": [
                        "doPostDesignResolutionToVir2Vcs",
                        "entry",
                        1.8582630157470703,
                        2.0312570000000001,
                        0.32747399999999999,
                        401448,
                        443592,
                        0.0,
                        0.0,
                        1724146315.0125899,
                        394839979232264
                    ],
                    "sub": [
                        {
                            "stat": [
                                "doUptoVir2VcsNoSepCleanup",
                                "entry",
                                2.5676150321960449,
                                2.7950689999999998,
                                0.35140500000000002,
                                401932,
                                443592,
                                0.19875100000000001,
                                0.056215000000000001,
                                1724146315.7219419,
                                394842672976106
                            ],
                            "sub": []
                        },
                        {
                            "stat": [
                                "doUptoVir2VcsNoSepCleanup",
                                "exit",
                                4.2375240325927734,
                                4.5380479999999999,
                                0.40489799999999998,
                                410360,
                                443592,
                                0.216943,
                                0.093691999999999998,
                                1724146317.3918509,
                                394849014159284
                            ],
                            "sub": []
                        },
                        {
                            "stat": [
                                "doRadify_vir2vcsAll",
                                "entry",
                                4.2376320362091064,
                                4.5381599999999995,
                                0.40490799999999999,
                                410360,
                                443592,
                                0.216943,
                                0.093691999999999998,
                                1724146317.391959,
                                394849014485323
                            ],
                            "sub": []
                        },
                        {
                            "stat": [
                                "doRadify_vir2vcsAll",
                                "exit",
                                4.3807570934295654,
                                4.6860330000000001,
                                0.41598000000000002,
                                433552,
                                443592,
                                0.216943,
                                0.093691999999999998,
                                1724146317.535084,
                                394849558090018
                            ],
                            "sub": []
                        }
                    ]
                },
                {
                    "stat": [
                        "doPostDesignResolutionToVir2Vcs",
                        "exit",
                        4.380824089050293,
                        4.6861030000000001,
                        0.41598600000000002,
                        433552,
                        443592,
                        0.216943,
                        0.093691999999999998,
                        1724146317.535151,
                        394849558184002
                    ],