{
    "cycles_program_begin": 9087754652340,
    "stat": {
        "ru_childs_end": {
            "ru_minflt": 23289,
            "ru_utime_sec": 0.233268,
            "ru_nivcsw": 32,
            "ru_stime_sec": 0.38553700000000002,
            "ru_maxrss_kb": 114448,
            "ru_nvcsw": 55,
            "ru_majflt": 0
        },
        "ru_self_end": {
            "ru_minflt": 110907,
            "ru_utime_sec": 8.4388909999999999,
            "ru_nivcsw": 20,
            "ru_stime_sec": 0.61205799999999999,
            "ru_maxrss_kb": 177404,
            "ru_nvcsw": 737,
            "ru_majflt": 0
        },
        "ru_self_cgstart": {
            "ru_minflt": 94056,
            "ru_utime_sec": 4.9591989999999999,
            "ru_nivcsw": 15,
            "ru_stime_sec": 0.506772,
            "ru_maxrss_kb": 174824,
            "ru_nvcsw": 735,
            "ru_majflt": 0
        },
        "nMops": 459225,
        "ru_childs_cgstart": {
            "ru_minflt": 23289,
            "ru_utime_sec": 0.233268,
            "ru_nivcsw": 32,
            "ru_stime_sec": 0.38553700000000002,
            "ru_maxrss_kb": 114448,
            "ru_nvcsw": 55,
            "ru_majflt": 0
        },
        "cpu_cycles_cgstart": 9105286895807,
        "totalObjSize": 16595402,
        "nQuads": 147774,
        "quadSpeed": 42467.551725842393,
        "cpu_cycles_total": 29787717776,
        "cpu_cycles_end": 9117542370116,
        "mopSpeed": 131972.88725553866,
        "mop/quad": 3.1076170368265053,
        "outputSizePerQuad": 112.30258367507139,
        "Frontend(%)": 59.875136053201963,
        "peak_mem_kb": 442696,
        "CodeGen(%)": 40.124863946798037,
        "realTime": 8.7377300262451172
    },
    "perf": [
        {
            "stat": [
                "main",
                "entry",
                0.021779060363769531,
                0.039927999999999998,
                0.027642,
                214268,
                214268,
                0.0,
                0.0,
                1724295168.326314,
                9087755062110
            ],
            "sub": [
                {
                    "stat": [
                        "doParsingAndDesignResolution",
                        "entry",
                        0.14183497428894043,
                        0.046489999999999997,
                        0.035923999999999998,
                        270196,
                        270996,
                        0.0,
                        0.0,
                        1724295168.4463699,
                        9088165325497
                    ],
                    "sub": []
                },
                {
                    "stat": [
                        "doParsingAndDesignResolution",
                        "exit",
                        1.9937441349029541,
                        2.1029360000000001,
                        0.28480499999999997,
                        414692,
                        442696,
                        0.0,
                        0.0,
                        1724295170.298279,
                        9094494464721
                    ],
                    "sub": []
                },
                {
                    "stat": [
                        "doPostDesignResolutionToVir2Vcs",
                        "entry",
                        2.0247809886932373,
                        2.1268020000000001,
                        0.29197499999999998,
                        400712,
                        442696,
                        0.0,
                        0.0,
                        1724295170.3293159,
                        9094600531554
                    ],
                    "sub": [
                        {
                            "stat": [
                                "doUptoVir2VcsNoSepCleanup",
                                "entry",
                                2.9482522010803223,
                                2.8844639999999999,
                                0.457785,
                                401260,
                                442696,
                                0.20552000000000001,
                                0.33725300000000002,
                                1724295171.2527871,
                                9097756580584
                            ],
                            "sub": []
                        },
                        {
                            "stat": [
                                "doUptoVir2VcsNoSepCleanup",
                                "exit",
                                5.0072782039642334,
                                4.8546890000000005,
                                0.49775900000000001,
                                409628,
                                442696,
                                0.21752299999999999,
                                0.37071500000000002,
                                1724295173.3118131,
                                9104793434780
                            ],
                            "sub": []
                        },
                        {
                            "stat": [
                                "doRadify_vir2vcsAll",
                                "entry",
                                5.0073530673980713,
                                4.8547589999999996,
                                0.49776599999999999,
                                409628,
                                442696,
                                0.21752299999999999,
                                0.37071500000000002,
                                1724295173.311888,
                                9104793613178
                            ],
                            "sub": []
                        },
                        {
                            "stat": [
                                "doRadify_vir2vcsAll",
                                "exit",
                                5.1075971126556396,
                                4.9490569999999998,
                                0.50370999999999999,
                                432732,
                                442696,
                                0.21752299999999999,
                                0.37071500000000002,
                                1724295173.412132,
                                9105136368429
                            ],
                            "sub": []
                        }
                    ]
                },
                {
                    "stat": [
                        "doPostDesignResolutionToVir2Vcs",
                        "exit",
                        5.1076681613922119,
                        4.9491240000000003,
                        0.50371699999999997,
                        432732,
                        442696,
                        0.21752299999999999,
                        0.37071500000000002,
                        1724295173.4122031,
                        9105136448059
                    ],
                    "sub": []
                },
                {
                    "stat": [
                        "doGAToPass2",
                        "entry",
                        5.1076920032501221,
                        4.9491449999999997,
                        0.50371900000000003,
                        432732,
                        442696,
                        0.21752299999999999,
                        0.37071500000000002,
                        1724295173.4122269,
                        9105136525980
                    ],