{
    "cycles_program_begin": 338166195148091,
    "cpu_cycles_pass2_start": 338183996914883,
    "PrevCompiledModules": {},
    "MlibObjs": {},
    "perf": [
        {
            "sub": [
                {
                    "sub": [],
                    "stat": [
                        "doParsingAndDesignResolution",
                        "entry",
                        0.14546108245849609,
                        0.035055000000000003,
                        0.042065999999999999,
                        270196,
                        270996,
                        0.0,
                        0.0,
                        1724122280.8989141,
                        338166622501173
                    ]
                },
                {
                    "sub": [],
                    "stat": [
                        "doParsingAndDesignResolution",
                        "exit",
                        1.9060969352722168,
                        1.912339,
                        0.28155799999999997,
                        412416,
                        443084,
                        0.0,
                        0.0,
                        1724122282.65955,
                        338172623954357
                    ]
                },
                {
                    "sub": [
                        {
                            "sub": [],
                            "stat": [
                                "doUptoVir2VcsNoSepCleanup",
                                "entry",
                                2.6967709064483643,
                                2.6632180000000001,
                                0.31925599999999998,
                                398984,
                                443084,
                                0.19314500000000001,
                                0.087381,
                                1724122283.4502239,
                                338175319124361
                            ]
                        },
                        {
                            "sub": [],
                            "stat": [
                                "doUptoVir2VcsNoSepCleanup",
                                "exit",
                                4.958967924118042,
                                4.8300429999999999,
                                0.36148000000000002,
                                406720,
                                443084,
                                0.20786499999999999,
                                0.11605500000000001,
                                1724122285.7124209,
                                338183030357604
                            ]
                        },
                        {
                            "sub": [],
                            "stat": [
                                "doRadify_vir2vcsAll",
                                "entry",
                                4.9590868949890137,
                                4.8301549999999995,
                                0.361489,
                                406720,
                                443084,
                                0.20786499999999999,
                                0.11605500000000001,
                                1724122285.7125399,
                                338183030683643
                            ]
                        },
                        {
                            "sub": [],
                            "stat": [
                                "doRadify_vir2vcsAll",
                                "exit",
                                5.192349910736084,
                                5.0495010000000002,
                                0.37479899999999999,
                                428012,
                                443084,
                                0.20786499999999999,
                                0.11605500000000001,
                                1724122285.9458029,
                                338183825961552
                            ]
                        }
                    ],
                    "stat": [
                        "doPostDesignResolutionToVir2Vcs",
                        "entry",
                        1.9357209205627441,
                        1.9317800000000001,
                        0.29166599999999998,
                        398436,
                        443084,
                        0.0,
                        0.0,
                        1724122282.6891739,
                        338172724886933
                    ]
                },
                {
                    "sub": [],
                    "stat": [
                        "doPostDesignResolutionToVir2Vcs",
                        "exit",
                        5.1925449371337891,
                        5.0496970000000001,
                        0.37479899999999999,
                        428012,
                        443084,
                        0.20786499999999999,
                        0.11605500000000001,
                        1724122285.945998,
                        338183826482393
                    ]
                },
                {
                    "sub": [
                        {
                            "sub": [],
                            "stat": [
                                "DoPass2",
                                "entry",
                                5.2425010204315186,
                                5.0607100000000003,
                                0.378832,
                                423080,
                                443084,
                                0.22307099999999999,
                                0.13544600000000001,
                                1724122285.995954,
                                338183996839012
                            ]
                        },
                        {
                            "sub": [],
                            "stat": [
                                "DoPass2",
                                "exit",
                                8.8312969207763672,
                                8.5183049999999998,
                                0.497139,
                                426004,
                                443084,
                                0.22307099999999999,
                                0.13544600000000001,
                                1724122289.5847499,
                                338196230036397
                            ]
                        }
                    ],
                    "stat": [
                        "doGAToPass2",
                        "entry",
                        5.1926050186157227,
                        5.0497569999999996,
                        0.37479899999999999,
                        428012,
                        443084,
                        0.20786499999999999,
                        0.11605500000000001,
                        1724122285.946058,
                        338183826682664
                    ]
                },
                {
                    "sub": [],
                    "stat": [
                        "doGAToPass2",
                        "exit",
                        8.8422930240631104,
                        8.5261130000000005,
                        0.50026700000000002,
                        426004,
                        443084,
                        0.22307099999999999,
                        0.13544600000000001,
                        1724122289.595746,
                        338196267551360
                    ]
                }
            ],