{
    "cycles_program_begin": 389687087123818,
    "stat": {
        "realTime": 7.2789011001586914,
        "ru_self_cgstart": {
            "ru_minflt": 94549,
            "ru_utime_sec": 4.789123,
            "ru_nvcsw": 688,
            "ru_maxrss_kb": 175916,
            "ru_stime_sec": 0.31821700000000003,
            "ru_majflt": 0,
            "ru_nivcsw": 27
        },
        "cpu_cycles_total": 27564870278,
        "quadSpeed": 78521.365276414552,
        "ru_childs_cgstart": {
            "ru_minflt": 23347,
            "ru_utime_sec": 0.23440900000000001,
            "ru_nvcsw": 56,
            "ru_maxrss_kb": 115588,
            "ru_stime_sec": 0.108449,
            "ru_majflt": 0,
            "ru_nivcsw": 32
        },
        "cpu_cycles_cgstart": 389703600194051,
        "nMops": 760727,
        "Frontend(%)": 61.759500802985187,
        "nQuads": 244240,
        "outputSizePerQuad": 67.896560759908283,
        "mop/quad": 3.1146699967245333,
        "ru_self_end": {
            "ru_minflt": 113260,
            "ru_utime_sec": 7.8975970000000002,
            "ru_nvcsw": 689,
            "ru_maxrss_kb": 185968,
            "ru_stime_sec": 0.437307,
            "ru_majflt": 0,
            "ru_nivcsw": 32
        },
        "totalObjSize": 16583056,
        "ru_childs_end": {
            "ru_minflt": 23990,
            "ru_utime_sec": 0.236426,
            "ru_nvcsw": 57,
            "ru_maxrss_kb": 115940,
            "ru_stime_sec": 0.111475,
            "ru_majflt": 0,
            "ru_nivcsw": 34
        },
        "cpu_cycles_end": 389714651994096,
        "mopSpeed": 244568.14052829597,
        "CodeGen(%)": 38.240499197014813,
        "peak_mem_kb": 442696
    },
    "perf": [
        {
            "stat": [
                "main",
                "entry",
                0.019906997680664062,
                0.043033000000000002,
                0.028310999999999999,
                214268,
                214268,
                0.0,
                0.0,
                1724144804.907701,
                389687087609459
            ],
            "sub": [
                {
                    "stat": [
                        "doParsingAndDesignResolution",
                        "entry",
                        0.13349604606628418,
                        0.045761999999999997,
                        0.035465999999999998,
                        270196,
                        270996,
                        0.0,
                        0.0,
                        1724144805.0212901,
                        389687518754023
                    ],
                    "sub": []
                },
                {
                    "stat": [
                        "doParsingAndDesignResolution",
                        "exit",
                        1.70365309715271,
                        1.9863140000000001,
                        0.23780599999999999,
                        414880,
                        442696,
                        0.0,
                        0.0,
                        1724144806.5914471,
                        389693481297522
                    ],
                    "sub": []
                },
                {
                    "stat": [
                        "doPostDesignResolutionToVir2Vcs",
                        "entry",
                        1.732651948928833,
                        2.0151699999999999,
                        0.24113100000000001,
                        400900,
                        442696,
                        0.0,
                        0.0,
                        1724144806.620446,
                        389693591382766
                    ],
                    "sub": [
                        {
                            "stat": [
                                "doUptoVir2VcsNoSepCleanup",
                                "entry",
                                2.4352560043334961,
                                2.7660450000000001,
                                0.27091300000000001,
                                401448,
                                442696,
                                0.20527999999999999,
                                0.063898999999999997,
                                1724144807.32305,
                                389696259416026
                            ],
                            "sub": []
                        },
                        {
                            "stat": [
                                "doUptoVir2VcsNoSepCleanup",
                                "exit",
                                4.2453749179840088,
                                4.6835319999999996,
                                0.30815599999999999,
                                410164,
                                442696,
                                0.223828,
                                0.098712999999999995,
                                1724144809.1331689,
                                389703132961713
                            ],
                            "sub": []
                        },
                        {
                            "stat": [
                                "doRadify_vir2vcsAll",
                                "entry",
                                4.2454400062561035,
                                4.6836020000000005,
                                0.30816100000000002,
                                410164,
                                442696,
                                0.223828,
                                0.098712999999999995,
                                1724144809.133234,
                                389703133130884
                            ],
                            "sub": []
                        },
                        {
                            "stat": [
                                "doRadify_vir2vcsAll",
                                "exit",
                                4.3370959758758545,
                                4.7787839999999999,
                                0.31480999999999998,
                                433736,
                                442696,
                                0.223828,
                                0.098712999999999995,
                                1724144809.22489,
                                389703481355657
                            ],
                            "sub": []
                        }
                    ]
                },
                {
                    "stat": [
                        "doPostDesignResolutionToVir2Vcs",
                        "exit",
                        4.3371639251708984,
                        4.7788570000000004,
                        0.31481500000000001,
                        433736,
                        442696,
                        0.223828,
                        0.098712999999999995,
                        1724144809.2249579,
                        389703481435971
                    ],
                    "sub": []
                },
                {
                    "stat": [
                        "doGAToPass2",
                        "entry",
                        4.3371860980987549,
                        4.7788789999999999,
                        0.31481700000000001,
                        433736,
                        442696,
                        0.223828,
                        0.098712999999999995,
                        1724144809.2249801,
                        389703481514917
                    ],