{
    "cycles_program_begin": 414254315387999,
    "CurCompileModules": [
        "...MASTER...",
        "vcs_paramclassrepository",
        "vcs_paramclassrepository",
        "_vcs_DPI_package",
        "_vcs_unit__3015714359",
        "_vcs_unit__3015714359",
        "std",
        "uvm_pkg",
        "uvm_pkg",
        "_vcs_msglog",
        "uvm_custom_install_recording",
        "uvm_custom_install_recording",
        "uvm_custom_install_verdi_recording",
        "uvm_custom_install_verdi_recording",
        "dut",
        "my_if",
        "top_tb"
    ],
    "LVLData": [
        "SIM"
    ],
    "stat": {
        "outputSizePerQuad": 67.574193495353526,
        "cpu_cycles_cgstart": 414269476860456,
        "ru_self_cgstart": {
            "ru_utime_sec": 4.2658829999999996,
            "ru_maxrss_kb": 175272,
            "ru_stime_sec": 0.39904800000000001,
            "ru_minflt": 93808,
            "ru_majflt": 0,
            "ru_nvcsw": 784,
            "ru_nivcsw": 39
        },
        "mopSpeed": 218873.53562143183,
        "ru_childs_cgstart": {
            "ru_utime_sec": 0.23500099999999999,
            "ru_maxrss_kb": 114900,
            "ru_stime_sec": 0.152947,
            "ru_minflt": 23313,
            "ru_majflt": 0,
            "ru_nvcsw": 65,
            "ru_nivcsw": 35
        },
        "nQuads": 243303,
        "nMops": 757919,
        "cpu_cycles_end": 414281755384064,
        "CodeGen(%)": 43.482508949042675,
        "totalObjSize": 16441004,
        "quadSpeed": 70261.58182774311,
        "mop/quad": 3.1151239401076025,
        "ru_self_end": {
            "ru_utime_sec": 7.7273529999999999,
            "ru_maxrss_kb": 185368,
            "ru_stime_sec": 0.52053000000000005,
            "ru_minflt": 112462,
            "ru_majflt": 0,
            "ru_nvcsw": 794,
            "ru_nivcsw": 53
        },
        "ru_childs_end": {
            "ru_utime_sec": 0.236348,
            "ru_maxrss_kb": 115252,
            "ru_stime_sec": 0.15698799999999999,
            "ru_minflt": 23955,
            "ru_majflt": 0,
            "ru_nvcsw": 66,
            "ru_nivcsw": 37
        },
        "cpu_cycles_total": 27439996065,
        "Frontend(%)": 56.517491050957325,
        "peak_mem_kb": 442696,
        "realTime": 7.2490670680999756
    },
    "perf": [
        {
            "stat": [
                "main",
                "entry",
                0.019289016723632812,
                0.033258999999999997,
                0.031042,
                214268,
                214268,
                0.0,
                0.0,
                1724151994.2140009,
                414254315786149
            ],
            "sub": [
                {
                    "stat": [
                        "doParsingAndDesignResolution",
                        "entry",
                        0.13479900360107422,
                        0.039038000000000003,
                        0.038636999999999998,
                        270196,
                        270996,
                        0.0,
                        0.0,
                        1724151994.3295109,
                        414254754090577
                    ],
                    "sub": []
                },
                {
                    "stat": [
                        "doParsingAndDesignResolution",
                        "exit",
                        1.6882071495056152,
                        1.9092370000000001,
                        0.27193800000000001,
                        414620,
                        442696,
                        0.0,
                        0.0,
                        1724151995.8829191,
                        414260650031263
                    ],
                    "sub": []
                },
                {
                    "stat": [
                        "doPostDesignResolutionToVir2Vcs",
                        "entry",
                        1.7169981002807617,
                        1.9343490000000001,
                        0.27876299999999998,
                        400640,
                        442696,
                        0.0,
                        0.0,
                        1724151995.91171,
                        414260759361218
                    ],
                    "sub": [
                        {
                            "stat": [
                                "doUptoVir2VcsNoSepCleanup",
                                "entry",
                                2.4032189846038818,
                                2.6603880000000002,
                                0.31451200000000001,
                                401284,
                                442696,
                                0.204515,
                                0.089352000000000001,
                                1724151996.5979309,
                                414263363788211
                            ],
                            "sub": []
                        },
                        {
                            "stat": [
                                "doUptoVir2VcsNoSepCleanup",
                                "exit",
                                3.880403995513916,
                                4.1618040000000001,
                                0.38897399999999999,
                                409584,
                                442696,
                                0.218303,
                                0.13563,
                                1724151998.0751159,
                                414268970252958
                            ],
                            "sub": []
                        },
                        {
                            "stat": [
                                "doRadify_vir2vcsAll",
                                "entry",
                                3.8804700374603271,
                                4.1618740000000001,
                                0.38898100000000002,
                                409584,
                                442696,
                                0.218303,
                                0.13563,
                                1724151998.075182,
                                414268970419054
                            ],
                            "sub": []
                        },
                        {
                            "stat": [
                                "doRadify_vir2vcsAll",
                                "exit",
                                3.9713430404663086,
                                4.2538840000000002,
                                0.39785300000000001,
                                433140,
                                442696,
                                0.218303,
                                0.13563,
                                1724151998.166055,
                                414269315542699
                            ],
                            "sub": []
                        }
                    ]
                },
                {
                    "stat": [
                        "doPostDesignResolutionToVir2Vcs",
                        "exit",
                        3.9714231491088867,
                        4.2539670000000003,
                        0.39786100000000002,
                        433140,
                        442696,
                        0.218303,
                        0.13563,
                        1724151998.1661351,
                        414269315621988
                    ],